,LBP,class
0,803,1
1,633,1
2,651,1
3,791,1
4,743,1
5,705,1
6,813,1
7,801,1
8,723,1
9,821,1
10,762,1
11,760,1
12,806,1
13,702,1
14,697,1
15,755,1
16,656,1
17,732,1
18,725,1
19,679,1
20,784,1
21,733,1
22,691,1
23,776,1
24,814,1
25,688,1
26,709,1
27,658,1
28,853,1
29,864,1
30,833,1
31,671,1
32,824,1
33,688,1
34,724,1
35,783,1
36,836,1
37,820,1
38,774,1
39,698,1
40,782,1
41,702,1
42,647,1
43,768,1
44,815,1
45,818,1
46,803,1
47,789,1
48,773,1
49,744,1
50,850,1
51,631,1
52,782,1
53,662,1
54,720,1
55,608,1
56,764,1
57,773,1
58,747,1
59,694,1
60,749,1
61,807,1
62,708,1
63,747,1
64,648,1
65,535,1
66,734,1
67,882,1
68,768,1
69,760,1
70,639,1
71,761,1
72,736,1
73,821,1
74,808,1
75,714,1
76,823,1
77,786,1
78,701,1
79,656,1
80,661,1
81,638,1
82,700,1
83,573,1
84,820,1
85,546,1
86,547,1
87,816,1
88,564,1
89,803,1
90,755,1
91,692,1
92,753,1
93,676,1
94,855,1
95,727,1
96,700,1
97,698,1
98,652,1
99,732,1
100,809,1
101,831,1
102,770,1
103,773,1
104,655,1
105,747,1
106,761,1
107,754,1
108,820,1
109,643,1
110,758,1
111,727,1
112,714,1
113,730,1
114,751,1
115,832,1
116,778,1
117,853,1
118,822,1
119,837,1
120,829,1
121,877,1
122,867,1
123,814,1
124,660,1
125,851,1
126,777,1
127,644,1
128,806,1
129,748,1
130,785,1
131,821,1
132,717,1
133,717,1
134,798,1
135,758,1
136,562,1
137,715,1
138,809,1
139,831,1
140,835,1
141,818,1
142,814,1
143,734,1
144,780,1
145,758,1
146,763,1
147,774,1
148,544,1
149,777,1
150,818,1
151,775,1
152,686,1
153,746,1
154,548,1
155,731,1
156,829,1
157,839,1
158,842,1
159,827,1
160,727,1
161,866,1
162,833,1
163,809,1
164,657,1
165,686,1
166,788,1
167,856,1
168,643,1
169,670,1
170,765,1
171,777,1
172,774,1
173,705,1
174,618,1
175,767,1
176,820,1
177,758,1
178,826,1
179,725,1
180,717,1
181,744,1
182,795,1
183,808,1
184,706,1
185,770,1
186,736,1
187,671,1
188,739,1
189,717,1
190,611,1
191,810,1
192,843,1
193,813,1
194,693,1
195,761,1
196,770,1
197,787,1
198,699,1
199,787,1
200,867,1
201,728,1
202,727,1
203,815,1
204,804,1
205,730,1
206,696,1
207,711,1
208,812,1
209,764,1
210,791,1
211,745,1
212,759,1
213,860,1
214,824,1
215,682,1
216,682,1
217,689,1
218,722,1
219,740,1
220,705,1
221,760,1
222,788,1
223,789,1
224,734,1
225,610,1
226,478,1
227,681,1
228,738,1
229,686,1
230,645,1
231,607,1
232,359,1
233,731,1
234,636,1
235,693,1
236,601,1
237,786,1
238,826,1
239,642,1
240,698,1
241,671,1
242,599,1
243,810,1
244,811,1
245,773,1
246,802,1
247,824,1
248,725,1
249,697,1
250,863,1
251,627,1
252,539,1
253,773,1
254,866,1
255,839,1
256,797,1
257,802,1
258,761,1
259,719,1
260,703,1
261,701,1
262,725,1
263,763,1
264,740,1
265,730,1
266,784,1
267,773,1
268,793,1
269,849,1
270,863,1
271,780,1
272,799,1
273,773,1
274,747,1
275,791,1
276,851,1
277,724,1
278,836,1
279,786,1
280,752,1
281,751,1
282,782,1
283,753,1
284,809,1
285,825,1
286,852,1
287,591,1
288,773,1
289,782,1
290,783,1
291,789,1
292,702,1
293,779,1
294,678,1
295,726,1
296,701,1
297,674,1
298,816,1
299,682,1
300,777,1
301,722,1
302,725,1
303,789,1
304,737,1
305,696,1
306,784,1
307,827,1
308,767,1
309,695,1
310,850,1
311,877,1
312,792,1
313,755,1
314,823,1
315,789,1
316,746,1
317,838,1
318,768,1
319,686,1
320,780,1
321,491,1
322,695,1
323,639,1
324,778,1
325,825,1
326,819,1
327,848,1
328,822,1
329,791,1
330,784,1
331,680,1
332,795,1
333,733,1
334,691,1
335,786,1
336,712,1
337,727,1
338,704,1
339,749,1
340,660,1
341,545,1
342,724,1
343,772,1
344,767,1
345,824,1
346,677,1
347,836,1
348,734,1
349,890,1
350,816,1
351,842,1
352,852,1
353,870,1
354,709,1
355,881,1
356,778,1
357,845,1
358,766,1
359,833,1
360,843,1
361,692,1
362,530,1
363,671,1
364,775,1
365,783,1
366,793,1
367,784,1
368,819,1
369,707,1
370,736,1
371,824,1
372,486,1
373,780,1
374,808,1
375,825,1
376,705,1
377,782,1
378,826,1
379,713,1
380,753,1
381,791,1
382,836,1
383,761,1
384,766,1
385,742,1
386,768,1
387,581,1
388,797,1
389,594,1
390,572,1
391,642,1
392,714,1
393,675,1
394,723,1
395,550,1
396,651,1
397,627,1
398,647,1
399,781,1
400,612,1
401,550,1
402,565,1
403,525,1
404,467,1
405,834,1
406,761,1
407,838,1
408,887,1
409,860,1
410,861,1
411,830,1
412,874,1
413,865,1
414,891,1
415,817,1
416,870,1
417,874,1
418,899,1
419,865,1
420,886,1
421,872,1
422,867,1
423,878,1
424,904,1
425,885,1
426,819,1
427,826,1
428,879,1
429,870,1
430,868,1
431,809,1
432,846,1
433,881,1
434,812,1
435,851,1
436,842,1
437,826,1
438,878,1
439,902,1
440,867,1
441,883,1
442,843,1
443,832,1
444,855,1
445,863,1
446,855,1
447,781,1
448,808,1
449,845,1
450,873,1
451,870,1
452,828,1
453,859,1
454,841,1
455,876,1
456,896,1
457,830,1
458,855,1
459,868,1
460,866,1
461,877,1
462,880,1
463,860,1
464,856,1
465,893,1
466,829,1
467,851,1
468,835,1
469,870,1
470,848,1
471,875,1
472,858,1
473,901,1
474,862,1
475,854,1
476,870,1
477,653,1
478,783,1
479,709,1
480,727,1
481,743,1
482,595,1
483,771,1
484,768,1
485,710,1
486,734,1
487,580,1
488,652,1
489,528,1
490,781,1
491,782,1
492,671,1
493,585,1
494,508,1
495,740,1
496,811,1
497,815,1
498,771,1
499,831,1
500,776,1
501,666,1
502,704,1
503,802,1
504,753,1
505,760,1
506,812,1
507,724,1
508,731,1
509,771,1
510,795,1
511,677,1
512,841,1
513,738,1
514,829,1
515,750,1
516,752,1
517,778,1
518,579,1
519,840,1
520,588,1
521,725,1
522,775,1
523,838,1
524,742,1
525,769,1
526,784,1
527,823,1
528,763,1
529,784,1
530,839,1
531,736,1
532,814,1
533,888,1
534,846,1
535,865,1
536,803,1
537,809,1
538,833,1
539,845,1
540,809,1
541,855,1
542,874,1
543,855,1
544,851,1
545,843,1
546,846,1
547,833,1
548,813,1
549,858,1
550,821,1
551,849,1
552,851,1
553,875,1
554,846,1
555,796,1
556,872,1
557,833,1
558,805,1
559,867,1
560,875,1
561,855,1
562,780,1
563,819,1
564,843,1
565,872,1
566,872,1
567,861,1
568,841,1
569,841,1
570,853,1
571,836,1
572,877,1
573,777,1
574,802,1
575,864,1
576,861,1
577,843,1
578,797,1
579,825,1
580,874,1
581,843,1
582,874,1
583,844,1
584,830,1
585,860,1
586,870,1
587,876,1
588,875,1
589,837,1
590,871,1
591,850,1
592,846,1
593,818,1
594,827,1
595,726,1
596,703,1
597,862,1
598,787,1
599,752,1
600,608,1
601,722,1
602,765,1
603,701,1
604,815,1
605,722,1
606,696,1
607,798,1
608,753,1
609,889,1
610,867,1
611,762,1
612,743,1
613,764,1
614,786,1
615,812,1
616,776,1
617,796,1
618,459,1
619,695,1
620,744,1
621,646,1
622,708,1
623,606,1
624,750,1
625,757,1
626,785,1
627,651,1
628,452,1
629,802,1
630,649,1
631,651,1
632,773,1
633,708,1
634,769,1
635,628,1
636,534,1
637,605,1
638,709,1
639,718,1
640,707,1
641,722,1
642,578,1
643,653,1
644,627,1
645,688,1
646,717,1
647,638,1
648,673,1
649,813,1
650,765,1
651,631,1
652,711,1
653,784,1
654,784,1
655,746,1
656,654,1
657,581,1
658,689,1
659,656,1
660,756,1
661,731,1
662,668,1
663,709,1
664,704,1
665,745,1
666,752,1
667,587,1
668,738,1
669,729,1
670,765,1
671,725,1
672,704,1
673,763,1
674,760,1
675,798,1
676,666,1
677,815,1
678,778,1
679,756,1
680,754,1
681,649,1
682,708,1
683,718,1
684,682,1
685,757,1
686,755,1
687,794,1
688,811,1
689,573,1
690,715,1
691,777,1
692,867,1
693,836,1
694,846,1
695,760,1
696,826,1
697,778,1
698,640,1
699,755,1
700,687,1
701,720,1
702,710,1
703,745,1
704,823,1
705,672,1
706,784,1
707,758,1
708,780,1
709,833,1
710,852,1
711,866,1
712,781,1
713,627,1
714,717,1
715,775,1
716,844,1
717,817,1
718,792,1
719,800,1
720,804,1
721,791,1
722,826,1
723,814,1
724,808,1
725,756,1
726,749,1
727,730,1
728,832,1
729,737,1
730,696,1
731,838,1
732,778,1
733,792,1
734,674,1
735,701,1
736,703,1
737,766,1
738,719,1
739,758,1
740,537,1
741,711,1
742,643,1
743,804,1
744,750,1
745,726,1
746,707,1
747,616,1
748,651,1
749,776,1
750,685,1
751,727,1
752,855,1
753,718,1
754,786,1
755,796,1
756,703,1
757,597,1
758,654,1
759,787,1
760,715,1
761,692,1
762,615,1
763,606,1
764,690,1
765,653,1
766,766,1
767,781,1
768,609,1
769,672,1
770,682,1
771,699,1
772,694,1
773,652,1
774,791,1
775,684,1
776,800,1
777,703,1
778,727,1
779,735,1
780,755,1
781,734,1
782,718,1
783,727,1
784,726,1
785,726,1
786,828,1
787,604,1
788,698,1
789,753,1
790,806,1
791,553,1
792,800,1
793,819,1
794,763,1
795,797,1
796,751,1
797,694,1
798,804,1
799,720,1
800,846,1
801,758,1
802,818,1
803,835,1
804,861,1
805,686,1
806,656,1
807,839,1
808,853,1
809,812,1
810,858,1
811,825,1
812,807,1
813,872,1
814,830,1
815,796,1
816,862,1
817,752,1
818,758,1
819,734,1
820,840,1
821,810,1
822,789,1
823,746,1
824,885,1
825,854,1
826,619,1
827,701,1
828,597,1
829,791,1
830,682,1
831,675,1
832,690,1
833,759,1
834,801,1
835,664,1
836,702,1
837,507,1
838,679,1
839,824,1
840,713,1
841,640,1
842,662,1
843,495,1
844,740,1
845,788,1
846,639,1
847,476,1
848,677,1
849,689,1
850,675,1
851,689,1
852,691,1
853,644,1
854,773,1
855,617,1
856,812,1
857,658,1
858,688,1
859,723,1
860,719,1
861,755,1
862,699,1
863,785,1
864,698,1
865,687,1
866,684,1
867,771,1
868,746,1
869,790,1
870,710,1
871,746,1
872,814,1
873,631,1
874,755,1
875,716,1
876,758,1
877,707,1
878,788,1
879,688,1
880,731,1
881,717,1
882,611,1
883,789,1
884,801,1
885,805,1
886,831,1
887,736,1
888,607,1
889,706,1
890,688,1
891,721,1
892,793,1
893,542,1
894,724,1
895,753,1
896,758,1
897,731,1
898,704,1
899,859,1
900,737,1
901,664,1
902,764,1
903,722,1
904,737,1
905,742,1
906,716,1
907,658,1
908,758,1
909,743,1
910,689,1
911,770,1
912,744,1
913,701,1
914,673,1
915,705,1
916,788,1
917,666,1
918,758,1
919,636,1
920,752,1
921,692,1
922,790,1
923,714,1
924,769,1
925,777,1
926,672,1
927,606,1
928,679,1
929,799,1
930,702,1
931,755,1
932,625,1
933,735,1
934,775,1
935,661,1
936,661,1
937,706,1
938,803,1
939,741,1
940,772,1
941,779,1
942,773,1
943,686,1
944,709,1
945,753,1
946,766,1
947,743,1
948,695,1
949,788,1
950,731,1
951,640,1
952,641,1
953,716,1
954,667,1
955,747,1
956,679,1
957,743,1
958,684,1
959,658,1
960,727,1
961,750,1
962,718,1
963,677,1
964,697,1
965,706,1
966,727,1
967,725,1
968,506,1
969,672,1
970,791,1
971,737,1
972,487,1
973,601,1
974,599,1
975,727,1
976,618,1
977,753,1
978,685,1
979,648,1
980,649,1
981,797,1
982,771,1
983,779,1
984,711,1
985,750,1
986,656,1
987,701,1
988,754,1
989,788,1
990,621,1
991,521,1
992,658,1
993,758,1
994,561,1
995,631,1
996,675,1
997,651,1
998,721,1
999,712,1
1000,772,1
1001,689,1
1002,761,1
1003,722,1
1004,774,1
1005,626,1
1006,669,1
1007,702,1
1008,764,1
1009,759,1
1010,753,1
1011,791,1
1012,759,1
1013,807,1
1014,807,1
1015,603,1
1016,689,1
1017,697,1
1018,814,1
1019,851,1
1020,844,1
1021,875,1
1022,804,1
1023,868,1
1024,835,1
1025,848,1
1026,847,1
1027,847,1
1028,834,1
1029,881,1
1030,843,1
1031,858,1
1032,797,1
1033,812,1
1034,857,1
1035,862,1
1036,843,1
1037,815,1
1038,855,1
1039,826,1
1040,863,1
1041,844,1
1042,825,1
1043,823,1
1044,844,1
1045,812,1
1046,860,1
1047,852,1
1048,850,1
1049,862,1
1050,853,1
1051,818,1
1052,813,1
1053,842,1
1054,848,1
1055,877,1
1056,830,1
1057,818,1
1058,859,1
1059,825,1
1060,866,1
1061,813,1
1062,852,1
1063,846,1
1064,846,1
1065,820,1
1066,836,1
1067,898,1
1068,871,1
1069,865,1
1070,850,1
1071,813,1
1072,879,1
1073,874,1
1074,853,1
1075,821,1
1076,869,1
1077,836,1
1078,752,1
1079,853,1
1080,843,1
1081,803,1
1082,849,1
1083,856,1
1084,856,1
1085,857,1
1086,792,1
1087,817,1
1088,840,1
1089,846,1
1090,821,1
1091,843,1
1092,831,1
1093,891,1
1094,786,1
1095,836,1
1096,799,1
1097,864,1
1098,816,1
1099,757,1
1100,840,1
1101,877,1
1102,812,1
1103,821,1
1104,806,1
1105,882,1
1106,836,1
1107,796,1
1108,839,1
1109,816,1
1110,851,1
1111,848,1
1112,807,1
1113,853,1
1114,815,1
1115,821,1
1116,866,1
1117,750,1
1118,830,1
1119,759,1
1120,824,1
1121,804,1
1122,828,1
1123,875,1
1124,878,1
1125,774,1
1126,840,1
1127,824,1
1128,885,1
1129,806,1
1130,704,1
1131,807,1
1132,820,1
1133,842,1
1134,571,1
1135,713,1
1136,748,1
1137,821,1
1138,800,1
1139,786,1
1140,854,1
1141,658,1
1142,783,1
1143,733,1
1144,842,1
1145,796,1
1146,762,1
1147,816,1
1148,756,1
1149,713,1
1150,666,1
1151,783,1
1152,808,1
1153,759,1
1154,847,1
1155,739,1
1156,762,1
1157,798,1
1158,792,1
1159,700,1
1160,817,1
1161,800,1
1162,717,1
1163,736,1
1164,815,1
1165,794,1
1166,754,1
1167,819,1
1168,814,1
1169,739,1
1170,797,1
1171,667,1
1172,781,1
1173,753,1
1174,659,1
1175,829,1
1176,839,1
1177,795,1
1178,692,1
1179,777,1
1180,763,1
1181,591,1
1182,800,1
1183,771,1
1184,761,1
1185,756,1
1186,855,1
1187,869,1
1188,857,1
1189,848,1
1190,847,1
1191,777,1
1192,741,1
1193,841,1
1194,724,1
1195,759,1
1196,849,1
1197,877,1
1198,862,1
1199,841,1
1200,800,1
1201,820,1
1202,771,1
1203,837,1
1204,788,1
1205,867,1
1206,852,1
1207,827,1
1208,765,1
1209,823,1
1210,858,1
1211,874,1
1212,865,1
1213,777,1
1214,821,1
1215,800,1
1216,893,1
1217,770,1
1218,846,1
1219,774,1
1220,836,1
1221,843,1
1222,856,1
1223,806,1
1224,775,1
1225,796,1
1226,818,1
1227,867,1
1228,847,1
1229,823,1
1230,737,1
1231,785,1
1232,891,1
1233,854,1
1234,848,1
1235,878,1
1236,868,1
1237,815,1
1238,663,1
1239,815,1
1240,749,1
1241,821,1
1242,869,1
1243,840,1
1244,835,1
1245,861,1
1246,767,1
1247,840,1
1248,790,1
1249,826,1
1250,843,1
1251,795,1
1252,877,1
1253,820,1
1254,863,1
1255,789,1
1256,810,1
1257,810,1
1258,828,1
1259,834,1
1260,841,1
1261,833,1
1262,859,1
1263,851,1
1264,824,1
1265,867,1
1266,792,1
1267,840,1
1268,824,1
1269,744,1
1270,855,1
1271,695,1
1272,689,1
1273,830,1
1274,780,1
1275,720,1
1276,736,1
1277,822,1
1278,722,1
1279,722,1
1280,808,1
1281,795,1
1282,795,1
1283,782,1
1284,781,1
1285,781,1
1286,789,1
1287,789,1
1288,811,1
1289,826,1
1290,826,1
1291,806,1
1292,813,1
1293,836,1
1294,810,1
1295,808,1
1296,819,1
1297,860,1
1298,780,1
1299,731,1
1300,718,1
1301,808,1
1302,849,1
1303,802,1
1304,863,1
1305,807,1
1306,814,1
1307,819,1
1308,875,1
1309,801,1
1310,863,1
1311,853,1
1312,808,1
1313,856,1
1314,824,1
1315,739,1
1316,617,1
1317,811,1
1318,534,1
1319,752,1
1320,769,1
1321,752,1
1322,681,1
1323,768,1
1324,708,1
1325,717,1
1326,748,1
1327,730,1
1328,777,1
1329,735,1
1330,756,1
1331,778,1
1332,712,1
1333,657,1
1334,754,1
1335,756,1
1336,692,1
1337,725,1
1338,671,1
1339,609,1
1340,803,1
1341,875,1
1342,818,1
1343,817,1
1344,501,1
1345,873,1
1346,846,1
1347,855,1
1348,696,1
1349,816,1
1350,894,1
1351,846,1
1352,854,1
1353,813,1
1354,835,1
1355,828,1
1356,827,1
1357,843,1
1358,844,1
1359,880,1
1360,884,1
1361,888,1
1362,821,1
1363,902,1
1364,844,1
1365,899,1
1366,842,1
1367,872,1
1368,792,1
1369,815,1
1370,896,1
1371,860,1
1372,750,1
1373,873,1
1374,887,1
1375,803,1
1376,823,1
1377,807,1
1378,879,1
1379,813,1
1380,822,1
1381,866,1
1382,863,1
1383,888,1
1384,881,1
1385,847,1
1386,828,1
1387,848,1
1388,772,1
1389,893,1
1390,856,1
1391,846,1
1392,834,1
1393,859,1
1394,855,1
1395,814,1
1396,805,1
1397,864,1
1398,823,1
1399,913,1
1400,835,1
1401,849,1
1402,816,1
1403,884,1
1404,855,1
1405,810,1
1406,840,1
1407,840,1
1408,760,1
1409,844,1
1410,872,1
1411,773,1
1412,823,1
1413,877,1
1414,755,1
1415,787,1
1416,842,1
1417,760,1
1418,840,1
1419,799,1
1420,848,1
1421,852,1
1422,791,1
1423,884,1
1424,813,1
1425,824,1
1426,864,1
1427,818,1
1428,839,1
1429,740,1
1430,755,1
1431,844,1
1432,809,1
1433,752,1
1434,842,1
1435,853,1
1436,826,1
1437,820,1
1438,788,1
1439,756,1
1440,831,1
1441,736,1
1442,843,1
1443,843,1
1444,840,1
1445,708,1
1446,848,1
1447,846,1
1448,779,1
1449,857,1
1450,775,1
1451,851,1
1452,786,1
1453,796,1
1454,763,1
1455,791,1
1456,665,1
1457,805,1
1458,828,1
1459,797,1
1460,823,1
1461,727,1
1462,801,1
1463,851,1
1464,816,1
1465,740,1
1466,742,1
1467,857,1
1468,871,1
1469,759,1
1470,802,1
1471,812,1
1472,803,1
1473,804,1
1474,658,1
1475,780,1
1476,809,1
1477,789,1
1478,662,1
1479,787,1
1480,818,1
1481,840,1
1482,792,1
1483,811,1
1484,807,1
1485,807,1
1486,820,1
1487,784,1
1488,835,1
1489,702,1
1490,738,1
1491,813,1
1492,784,1
1493,837,1
1494,753,1
1495,767,1
1496,881,1
1497,824,1
1498,828,1
1499,736,1
1500,808,1
1501,780,1
1502,803,1
1503,800,1
1504,827,1
1505,837,1
1506,775,1
1507,709,1
1508,781,1
1509,816,1
1510,707,1
1511,761,1
1512,836,1
1513,852,1
1514,709,1
1515,804,1
1516,771,1
1517,761,1
1518,739,1
1519,879,1
1520,765,1
1521,726,1
1522,734,1
1523,792,1
1524,823,1
1525,819,1
1526,733,1
1527,780,1
1528,840,1
1529,845,1
1530,811,1
1531,855,1
1532,638,1
1533,865,1
1534,849,1
1535,808,1
1536,829,1
1537,715,1
1538,777,1
1539,769,1
1540,748,1
1541,746,1
1542,786,1
1543,736,1
1544,822,1
1545,853,1
1546,740,1
1547,696,1
1548,779,1
1549,807,1
1550,716,1
1551,754,1
1552,624,1
1553,746,1
1554,606,1
1555,767,1
1556,761,1
1557,827,1
1558,798,1
1559,653,1
1560,736,1
1561,752,1
1562,741,1
1563,698,1
1564,808,1
1565,749,1
1566,830,1
1567,744,1
1568,776,1
1569,765,1
1570,758,1
1571,645,1
1572,775,1
1573,734,1
1574,761,1
1575,842,1
1576,804,1
1577,823,1
1578,684,1
1579,740,1
1580,612,1
1581,698,1
1582,750,1
1583,803,1
1584,733,1
1585,808,1
1586,766,1
1587,706,1
1588,720,1
1589,540,1
1590,804,1
1591,724,1
1592,754,1
1593,759,1
1594,696,1
1595,756,1
1596,828,1
1597,769,1
1598,696,1
1599,642,1
1600,752,1
1601,716,1
1602,784,1
1603,719,1
1604,784,1
1605,740,1
1606,720,1
1607,750,1
1608,831,1
1609,790,1
1610,814,1
1611,719,1
1612,760,1
1613,669,1
1614,786,1
1615,792,1
1616,739,1
1617,739,1
1618,744,1
1619,748,1
1620,705,1
1621,749,1
1622,667,1
1623,705,1
1624,687,1
1625,807,1
1626,729,1
1627,631,1
1628,722,1
1629,817,1
1630,800,1
1631,727,1
1632,776,1
1633,799,1
1634,759,1
1635,719,1
1636,761,1
1637,674,1
1638,831,1
1639,731,1
1640,711,1
1641,692,1
1642,798,1
1643,695,1
1644,716,1
1645,620,1
1646,755,1
1647,692,1
1648,755,1
1649,788,1
1650,800,1
1651,832,1
1652,717,1
1653,783,1
1654,703,1
1655,707,1
1656,864,1
1657,751,1
1658,716,1
1659,805,1
1660,821,1
1661,809,1
1662,778,1
1663,652,1
1664,607,1
1665,654,1
1666,750,1
1667,799,1
1668,636,1
1669,636,1
1670,633,1
1671,733,1
1672,715,1
1673,712,1
1674,797,1
1675,719,1
1676,776,1
1677,745,1
1678,672,1
1679,764,1
1680,760,1
1681,796,1
1682,674,1
1683,718,1
1684,748,1
1685,688,1
1686,792,1
1687,812,1
1688,663,1
1689,789,1
1690,846,1
1691,761,1
1692,752,1
1693,693,1
1694,881,1
1695,586,1
1696,675,1
1697,663,1
1698,728,1
1699,846,1
1700,826,1
1701,605,1
1702,765,1
1703,739,1
1704,780,1
1705,710,1
1706,790,1
1707,611,1
1708,719,1
1709,727,1
1710,777,1
1711,742,1
1712,690,1
1713,723,1
1714,792,1
1715,788,1
1716,673,1
1717,745,1
1718,790,1
1719,739,1
1720,747,1
1721,597,1
1722,673,1
1723,783,1
1724,806,1
1725,771,1
1726,802,1
1727,673,1
1728,583,1
1729,656,1
1730,596,1
1731,812,1
1732,818,1
1733,737,1
1734,725,1
1735,603,1
1736,812,1
1737,721,1
1738,643,1
1739,732,1
1740,675,1
1741,711,1
1742,690,1
1743,772,1
1744,761,1
1745,791,1
1746,772,1
1747,753,1
1748,796,1
1749,783,1
1750,742,1
1751,764,1
1752,707,1
1753,707,1
1754,677,1
1755,712,1
1756,766,1
1757,733,1
1758,735,1
1759,779,1
1760,660,1
1761,634,1
1762,743,1
1763,812,1
1764,781,1
1765,765,1
1766,724,1
1767,768,1
1768,814,1
1769,732,1
1770,804,1
1771,737,1
1772,812,1
1773,747,1
1774,625,1
1775,689,1
1776,665,1
1777,712,1
1778,653,1
1779,685,1
1780,747,1
1781,851,1
1782,643,1
1783,775,1
1784,779,1
1785,832,1
1786,757,1
1787,747,1
1788,628,1
1789,633,1
1790,790,1
1791,765,1
1792,740,1
1793,730,1
1794,835,1
1795,681,1
1796,713,1
1797,782,1
1798,686,1
1799,643,1
1800,659,1
1801,637,1
1802,727,1
1803,632,1
1804,713,1
1805,813,1
1806,768,1
1807,825,1
1808,720,1
1809,689,1
1810,692,1
1811,691,1
1812,781,1
1813,618,1
1814,764,1
1815,756,1
1816,744,1
1817,809,1
1818,871,1
1819,819,1
1820,721,1
1821,779,1
1822,807,1
1823,833,1
1824,822,1
1825,647,1
1826,681,1
1827,707,1
1828,827,1
1829,621,1
1830,749,1
1831,810,1
1832,760,1
1833,834,1
1834,793,1
1835,728,1
1836,696,1
1837,839,1
1838,663,1
1839,765,1
1840,668,1
1841,718,1
1842,632,1
1843,761,1
1844,812,1
1845,784,1
1846,755,1
1847,640,1
1848,732,1
1849,721,1
1850,742,1
1851,769,1
1852,609,1
1853,487,1
1854,803,1
1855,757,1
1856,716,1
1857,771,1
1858,805,1
1859,515,1
1860,723,1
1861,702,1
1862,729,1
1863,662,1
1864,772,1
1865,749,1
1866,706,1
1867,712,1
1868,825,1
1869,704,1
1870,750,1
1871,704,1
1872,751,1
1873,674,1
1874,679,1
1875,688,1
1876,567,1
1877,661,1
1878,530,1
1879,772,1
1880,806,1
1881,609,1
1882,611,1
1883,631,1
1884,735,1
1885,669,1
1886,516,1
1887,700,1
1888,657,1
1889,738,1
1890,831,1
1891,829,1
1892,865,1
1893,752,1
1894,712,1
1895,782,1
1896,770,1
1897,858,1
1898,676,1
1899,615,1
1900,677,1
1901,551,1
1902,551,1
1903,390,1
1904,770,1
1905,758,1
1906,742,1
1907,794,1
1908,845,1
1909,723,1
1910,772,1
1911,703,1
1912,806,1
1913,818,1
1914,764,1
1915,714,1
1916,770,1
1917,780,1
1918,794,1
1919,635,1
1920,839,1
1921,767,1
1922,761,1
1923,740,1
1924,737,1
1925,792,1
1926,737,1
1927,772,1
1928,756,1
1929,756,1
1930,709,1
1931,735,1
1932,793,1
1933,628,1
1934,678,1
1935,767,1
1936,671,1
1937,632,1
1938,683,1
1939,604,1
1940,840,1
1941,692,1
1942,670,1
1943,661,1
1944,736,1
1945,678,1
1946,643,1
1947,748,1
1948,719,1
1949,791,1
1950,691,1
1951,657,1
1952,777,1
1953,771,1
1954,518,1
1955,663,1
1956,796,1
1957,794,1
1958,678,1
1959,742,1
1960,659,1
1961,748,1
1962,613,1
1963,604,1
1964,557,1
1965,738,1
1966,548,1
1967,752,1
1968,749,1
1969,764,1
1970,747,1
1971,707,1
1972,691,1
1973,658,1
1974,680,1
1975,717,1
1976,670,1
1977,758,1
1978,739,1
1979,766,1
1980,602,1
1981,739,1
1982,696,1
1983,771,1
1984,758,1
1985,825,1
1986,562,1
1987,663,1
1988,826,1
1989,631,1
1990,607,1
1991,585,1
1992,678,1
1993,598,1
1994,733,1
1995,749,1
1996,791,1
1997,751,1
1998,766,1
1999,712,1
2000,678,1
2001,748,1
2002,676,1
2003,697,1
2004,784,1
2005,665,1
2006,776,1
2007,750,1
2008,694,1
2009,687,1
2010,770,1
2011,758,1
2012,648,1
2013,788,1
2014,730,1
2015,619,1
2016,802,1
2017,818,1
2018,589,1
2019,710,1
2020,633,1
2021,712,1
2022,762,1
2023,690,1
2024,679,1
2025,832,1
2026,766,1
2027,749,1
2028,648,1
2029,821,1
2030,775,1
2031,785,1
2032,841,1
2033,843,1
2034,854,1
2035,704,1
2036,745,1
2037,804,1
2038,697,1
2039,795,1
2040,757,1
2041,671,1
2042,736,1
2043,830,1
2044,772,1
2045,824,1
2046,800,1
2047,809,1
2048,819,1
2049,795,1
2050,711,1
2051,758,1
2052,697,1
2053,718,1
2054,838,1
2055,698,1
2056,711,1
2057,796,1
2058,796,1
2059,727,1
2060,849,1
2061,697,1
2062,765,1
2063,671,1
2064,645,1
2065,740,1
2066,707,1
2067,693,1
2068,761,1
2069,733,1
2070,563,1
2071,614,1
2072,707,1
2073,315,1
2074,767,1
2075,776,1
2076,590,1
2077,689,1
2078,726,1
2079,680,1
2080,663,1
2081,661,1
2082,735,1
2083,760,1
2084,752,1
2085,717,1
2086,579,1
2087,616,1
2088,629,1
2089,716,1
2090,721,1
2091,725,1
2092,720,1
2093,721,1
2094,776,1
2095,782,1
2096,824,1
2097,501,1
2098,610,1
2099,770,1
2100,790,1
2101,795,1
2102,805,1
2103,743,1
2104,765,1
2105,669,1
2106,806,1
2107,756,1
2108,695,1
2109,729,1
2110,632,1
2111,844,1
2112,542,1
2113,592,1
2114,541,1
2115,697,1
2116,768,1
2117,808,1
2118,751,1
2119,825,1
2120,669,1
2121,806,1
2122,792,1
2123,717,1
2124,813,1
2125,774,1
2126,520,1
2127,710,1
2128,817,1
2129,868,1
2130,698,1
2131,749,1
2132,827,1
2133,819,1
2134,701,1
2135,715,1
2136,710,1
2137,776,1
2138,751,1
2139,783,1
2140,793,1
2141,671,1
2142,811,1
2143,736,1
2144,701,1
2145,736,1
2146,767,1
2147,800,1
2148,747,1
2149,817,1
2150,702,1
2151,688,1
2152,781,1
2153,821,1
2154,657,1
2155,788,1
2156,808,1
2157,458,1
2158,743,1
2159,729,1
2160,796,1
2161,843,1
2162,705,1
2163,734,1
2164,723,1
2165,725,1
2166,660,1
2167,546,1
2168,785,1
2169,681,1
2170,772,1
2171,710,1
2172,800,1
2173,754,1
2174,746,1
2175,874,1
2176,746,1
2177,848,1
2178,836,1
2179,720,1
2180,755,1
2181,787,1
2182,751,1
2183,730,1
2184,740,1
2185,774,1
2186,800,1
2187,590,1
2188,722,1
2189,791,1
2190,608,1
2191,760,1
2192,743,1
2193,529,1
2194,662,1
2195,596,1
2196,664,1
2197,738,1
2198,800,1
2199,686,1
2200,836,1
2201,803,1
2202,809,1
2203,765,1
2204,808,1
2205,696,1
2206,777,1
2207,813,1
2208,804,1
2209,793,1
2210,773,1
2211,800,1
2212,756,1
2213,640,1
2214,752,1
2215,682,1
2216,816,1
2217,754,1
2218,696,1
2219,853,1
2220,745,1
2221,778,1
2222,676,1
2223,853,1
2224,758,1
2225,741,1
2226,673,1
2227,755,1
2228,692,1
2229,616,1
2230,800,1
2231,838,1
2232,808,1
2233,774,1
2234,741,1
2235,569,1
2236,646,1
2237,799,1
2238,592,1
2239,724,1
2240,735,1
2241,714,1
2242,608,1
2243,520,1
2244,799,1
2245,806,1
2246,637,1
2247,673,1
2248,725,1
2249,836,1
2250,821,1
2251,666,1
2252,800,1
2253,687,1
2254,715,1
2255,758,1
2256,619,1
2257,684,1
2258,701,1
2259,751,1
2260,729,1
2261,682,1
2262,686,1
2263,869,1
2264,651,1
2265,605,1
2266,658,1
2267,652,1
2268,787,1
2269,724,1
2270,770,1
2271,862,1
2272,743,1
2273,644,1
2274,679,1
2275,852,1
2276,714,1
2277,666,1
2278,802,1
2279,868,1
2280,730,1
2281,726,1
2282,809,1
2283,791,1
2284,729,1
2285,794,1
2286,710,1
2287,711,1
2288,613,1
2289,685,1
2290,615,1
2291,704,1
2292,739,1
2293,737,1
2294,734,1
2295,772,1
2296,638,1
2297,843,1
2298,702,1
2299,760,1
2300,792,1
2301,750,1
2302,801,1
2303,756,1
2304,785,1
2305,744,1
2306,747,1
2307,803,1
2308,759,1
2309,751,1
2310,784,1
2311,836,1
2312,825,1
2313,808,1
2314,771,1
2315,786,1
2316,625,1
2317,699,1
2318,695,1
2319,709,1
2320,729,1
2321,725,1
2322,778,1
2323,770,1
2324,816,1
2325,768,1
2326,756,1
2327,598,1
2328,788,1
2329,824,1
2330,732,1
2331,737,1
2332,832,1
2333,695,1
2334,789,1
2335,679,1
2336,666,1
2337,612,1
2338,679,1
2339,768,1
2340,661,1
2341,778,1
2342,784,1
2343,774,1
2344,747,1
2345,742,1
2346,673,1
2347,779,1
2348,766,1
2349,698,1
2350,812,1
2351,624,1
2352,720,1
2353,751,1
2354,675,1
2355,734,1
2356,673,1
2357,689,1
2358,811,1
2359,713,1
2360,702,1
2361,747,1
2362,792,1
2363,493,1
2364,805,1
2365,694,1
2366,702,1
2367,719,1
2368,795,1
2369,743,1
2370,672,1
2371,768,1
2372,563,1
2373,736,1
2374,793,1
2375,824,1
2376,663,1
2377,717,1
2378,792,1
2379,748,1
2380,756,1
2381,622,1
2382,654,1
2383,679,1
2384,642,1
2385,754,1
2386,668,1
2387,764,1
2388,732,1
2389,747,1
2390,712,1
2391,638,1
2392,777,1
2393,736,1
2394,692,1
2395,670,1
2396,691,1
2397,817,1
2398,774,1
2399,805,1
2400,717,1
2401,781,1
2402,662,1
2403,807,1
2404,718,1
2405,752,1
2406,849,1
2407,835,1
2408,737,1
2409,753,1
2410,781,1
2411,726,1
2412,819,1
2413,803,1
2414,640,1
2415,647,1
2416,638,1
2417,797,1
2418,603,1
2419,661,1
2420,550,1
2421,566,1
2422,702,1
2423,611,1
2424,774,1
2425,651,1
2426,763,1
2427,636,1
2428,771,1
2429,673,1
2430,761,1
2431,756,1
2432,719,1
2433,783,1
2434,802,1
2435,746,1
2436,746,1
2437,786,1
2438,686,1
2439,517,1
2440,799,1
2441,798,1
2442,796,1
2443,599,1
2444,803,1
2445,751,1
2446,658,1
2447,620,1
2448,505,1
2449,788,1
2450,650,1
2451,709,1
2452,601,1
2453,736,1
2454,694,1
2455,446,1
2456,802,1
2457,793,1
2458,722,1
2459,690,1
2460,710,1
2461,751,1
2462,736,1
2463,732,1
2464,722,1
2465,828,1
2466,789,1
2467,733,1
2468,732,1
2469,623,1
2470,677,1
2471,852,1
2472,579,1
2473,743,1
2474,547,1
2475,631,1
2476,788,1
2477,804,1
2478,719,1
2479,802,1
2480,777,1
2481,750,1
2482,791,1
2483,736,1
2484,801,1
2485,724,1
2486,635,1
2487,767,1
2488,749,1
2489,832,1
2490,707,1
2491,594,1
2492,536,1
2493,636,1
2494,756,1
2495,617,1
2496,626,1
2497,710,1
2498,751,1
2499,758,1
2500,778,1
2501,609,1
2502,741,1
2503,644,1
2504,654,1
2505,783,1
2506,658,1
2507,708,1
2508,722,1
2509,745,1
2510,777,1
2511,729,1
2512,778,1
2513,875,1
2514,761,1
2515,817,1
2516,799,1
2517,713,1
2518,782,1
2519,727,1
2520,677,1
2521,659,1
2522,661,1
2523,604,1
2524,645,1
2525,592,1
2526,685,1
2527,681,1
2528,632,1
2529,623,1
2530,668,1
2531,759,1
2532,660,1
2533,869,1
2534,877,1
2535,827,1
2536,818,1
2537,869,1
2538,853,1
2539,824,1
2540,803,1
2541,876,1
2542,907,1
2543,777,1
2544,800,1
2545,822,1
2546,868,1
2547,838,1
2548,834,1
2549,856,1
2550,853,1
2551,874,1
2552,838,1
2553,864,1
2554,839,1
2555,818,1
2556,822,1
2557,871,1
2558,859,1
2559,775,1
2560,764,1
2561,840,1
2562,809,1
2563,738,1
2564,847,1
2565,880,1
2566,823,1
2567,844,1
2568,832,1
2569,757,1
2570,729,1
2571,808,1
2572,826,1
2573,832,1
2574,766,1
2575,785,1
2576,752,1
2577,841,1
2578,724,1
2579,644,1
2580,721,1
2581,790,1
2582,707,1
2583,733,1
2584,748,1
2585,782,1
2586,644,1
2587,560,1
2588,774,1
2589,779,1
2590,666,1
2591,631,1
2592,816,1
2593,760,1
2594,629,1
2595,807,1
2596,772,1
2597,824,1
2598,727,1
2599,830,1
2600,783,1
2601,734,1
2602,757,1
2603,819,1
2604,862,1
2605,690,1
2606,664,1
2607,765,1
2608,626,1
2609,744,1
2610,748,1
2611,723,1
2612,822,1
2613,760,1
2614,856,1
2615,705,1
2616,753,1
2617,618,1
2618,861,1
2619,739,1
2620,749,1
2621,801,1
2622,724,1
2623,727,1
2624,708,1
2625,630,1
2626,769,1
2627,821,1
2628,840,1
2629,683,1
2630,752,1
2631,824,1
2632,674,1
2633,658,1
2634,715,1
2635,620,1
2636,767,1
2637,670,1
2638,784,1
2639,688,1
2640,614,1
2641,726,1
2642,689,1
2643,644,1
2644,744,1
2645,679,1
2646,712,1
2647,816,1
2648,751,1
2649,720,1
2650,618,1
2651,684,1
2652,694,1
2653,790,1
2654,695,1
2655,731,1
2656,789,1
2657,678,1
2658,630,1
2659,690,1
2660,736,1
2661,622,1
2662,779,1
2663,628,1
2664,763,1
2665,580,1
2666,685,1
2667,813,1
2668,755,1
2669,704,1
2670,664,1
2671,660,1
2672,764,1
2673,742,1
2674,701,1
2675,788,1
2676,740,1
2677,845,1
2678,750,1
2679,709,1
2680,740,1
2681,814,1
2682,738,1
2683,770,1
2684,850,1
2685,830,1
2686,800,1
2687,852,1
2688,741,1
2689,737,1
2690,753,1
2691,793,1
2692,738,1
2693,795,1
2694,712,1
2695,755,1
2696,751,1
2697,724,1
2698,705,1
2699,722,1
2700,722,1
2701,692,1
2702,767,1
2703,766,1
2704,815,1
2705,800,1
2706,856,1
2707,687,1
2708,856,1
2709,741,1
2710,830,1
2711,790,1
2712,646,1
2713,793,1
2714,771,1
2715,769,1
2716,772,1
2717,653,1
2718,763,1
2719,822,1
2720,838,1
2721,765,1
2722,740,1
2723,705,1
2724,821,1
2725,789,1
2726,685,1
2727,660,1
2728,733,1
2729,604,1
2730,704,1
2731,736,1
2732,704,1
2733,829,1
2734,841,1
2735,713,1
2736,708,1
2737,767,1
2738,833,1
2739,602,1
2740,726,1
2741,733,1
2742,717,1
2743,670,1
2744,763,1
2745,764,1
2746,618,1
2747,835,1
2748,691,1
2749,712,1
2750,755,1
2751,747,1
2752,790,1
2753,741,1
2754,689,1
2755,650,1
2756,634,1
2757,735,1
2758,842,1
2759,778,1
2760,727,1
2761,726,1
2762,862,1
2763,773,1
2764,556,1
2765,789,1
2766,783,1
2767,705,1
2768,809,1
2769,693,1
2770,557,1
2771,764,1
2772,695,1
2773,843,1
2774,808,1
2775,716,1
2776,791,1
2777,751,1
2778,863,1
2779,676,1
2780,658,1
2781,653,1
2782,802,1
2783,829,1
2784,833,1
2785,803,1
2786,820,1
2787,793,1
2788,814,1
2789,807,1
2790,740,1
2791,839,1
2792,708,1
2793,806,1
2794,759,1
2795,668,1
2796,789,1
2797,740,1
2798,486,1
2799,671,1
2800,583,1
2801,749,1
2802,562,1
2803,747,1
2804,777,1
2805,701,1
2806,751,1
2807,769,1
2808,833,1
2809,753,1
2810,781,1
2811,758,1
2812,764,1
2813,797,1
2814,722,1
2815,699,1
2816,776,1
2817,679,1
2818,651,1
2819,630,1
2820,538,1
2821,688,1
2822,702,1
2823,742,1
2824,672,1
2825,732,1
2826,695,1
2827,633,1
2828,735,1
2829,673,1
2830,578,1
2831,708,1
2832,629,1
2833,810,1
2834,708,1
2835,747,1
2836,808,1
2837,740,1
2838,804,1
2839,863,1
2840,800,1
2841,733,1
2842,803,1
2843,785,1
2844,806,1
2845,867,1
2846,665,1
2847,834,1
2848,825,1
2849,774,1
2850,832,1
2851,795,1
2852,791,1
2853,784,1
2854,720,1
2855,846,1
2856,764,1
2857,777,1
2858,811,1
2859,704,1
2860,771,1
2861,723,1
2862,659,1
2863,722,1
2864,820,1
2865,797,1
2866,653,1
2867,821,1
2868,813,1
2869,829,1
2870,834,1
2871,664,1
2872,825,1
2873,637,1
2874,646,1
2875,814,1
2876,716,1
2877,707,1
2878,739,1
2879,643,1
2880,753,1
2881,784,1
2882,805,1
2883,796,1
2884,718,1
2885,814,1
2886,790,1
2887,770,1
2888,718,1
2889,737,1
2890,764,1
2891,682,1
2892,754,1
2893,811,1
2894,747,1
2895,721,1
2896,766,1
2897,812,1
2898,769,1
2899,785,1
2900,754,1
2901,778,1
2902,735,1
2903,838,1
2904,786,1
2905,607,1
2906,822,1
2907,734,1
2908,813,1
2909,774,1
2910,726,1
2911,725,1
2912,693,1
2913,787,1
2914,754,1
2915,715,1
2916,805,1
2917,770,1
2918,766,1
2919,767,1
2920,735,1
2921,758,1
2922,739,1
2923,740,1
2924,783,1
2925,705,1
2926,687,1
2927,833,1
2928,785,1
2929,791,1
2930,765,1
2931,738,1
2932,736,1
2933,699,1
2934,746,1
2935,710,1
2936,811,1
2937,652,1
2938,837,1
2939,792,1
2940,821,1
2941,761,1
2942,762,1
2943,810,1
2944,796,1
2945,707,1
2946,811,1
2947,759,1
2948,789,1
2949,809,1
2950,734,1
2951,788,1
2952,798,1
2953,637,1
2954,693,1
2955,783,1
2956,664,1
2957,822,1
2958,742,1
2959,767,1
2960,777,1
2961,735,1
2962,755,1
2963,782,1
2964,762,1
2965,786,1
2966,629,1
2967,682,1
2968,802,1
2969,759,1
2970,728,1
2971,771,1
2972,762,1
2973,762,1
2974,752,1
2975,741,1
2976,812,1
2977,734,1
2978,853,1
2979,803,1
2980,749,1
2981,702,1
2982,814,1
2983,783,1
2984,791,1
2985,845,1
2986,789,1
2987,771,1
2988,827,1
2989,729,1
2990,711,1
2991,731,1
2992,732,1
2993,740,1
2994,755,1
2995,810,1
2996,719,1
2997,766,1
2998,812,1
2999,711,1
3000,740,1
3001,811,1
3002,787,1
3003,747,1
3004,757,1
3005,781,1
3006,722,1
3007,765,1
3008,723,1
3009,724,1
3010,818,1
3011,718,1
3012,752,1
3013,790,1
3014,706,1
3015,704,1
3016,699,1
3017,769,1
3018,771,1
3019,734,1
3020,867,1
3021,832,1
3022,714,1
3023,729,1
3024,684,1
3025,723,1
3026,828,1
3027,649,1
3028,649,1
3029,746,1
3030,609,1
3031,747,1
3032,787,1
3033,740,1
3034,728,1
3035,757,1
3036,816,1
3037,645,1
3038,799,1
3039,706,1
3040,831,1
3041,785,1
3042,757,1
3043,701,1
3044,796,1
3045,787,1
3046,847,1
3047,853,1
3048,830,1
3049,763,1
3050,771,1
3051,797,1
3052,740,1
3053,761,1
3054,715,1
3055,785,1
3056,836,1
3057,775,1
3058,844,1
3059,717,1
3060,770,1
3061,698,1
3062,774,1
3063,754,1
3064,731,1
3065,762,1
3066,755,1
3067,800,1
3068,796,1
3069,746,1
3070,745,1
3071,839,1
3072,713,1
3073,830,1
3074,731,1
3075,712,1
3076,814,1
3077,706,1
3078,774,1
3079,699,1
3080,787,1
3081,773,1
3082,796,1
3083,694,1
3084,667,1
3085,806,1
3086,802,1
3087,711,1
3088,710,1
3089,667,1
3090,848,1
3091,771,1
3092,729,1
3093,749,1
3094,811,1
3095,842,1
3096,893,1
3097,893,1
3098,752,1
3099,788,1
3100,781,1
3101,718,1
3102,834,1
3103,708,1
3104,864,1
3105,663,1
3106,787,1
3107,734,1
3108,818,1
3109,734,1
3110,771,1
3111,824,1
3112,763,1
3113,675,1
3114,659,1
3115,867,1
3116,829,1
3117,820,1
3118,770,1
3119,795,1
3120,832,1
3121,898,1
3122,788,1
3123,878,1
3124,765,1
3125,816,1
3126,775,1
3127,822,1
3128,750,1
3129,766,1
3130,727,1
3131,773,1
3132,761,1
3133,695,1
3134,692,1
3135,648,1
3136,802,1
3137,780,1
3138,797,1
3139,761,1
3140,819,1
3141,813,1
3142,699,1
3143,804,1
3144,785,1
3145,749,1
3146,845,1
3147,847,1
3148,814,1
3149,814,1
3150,729,1
3151,817,1
3152,791,1
3153,650,1
3154,715,1
3155,744,1
3156,841,1
3157,641,1
3158,770,1
3159,841,1
3160,716,1
3161,647,1
3162,805,1
3163,820,1
3164,788,1
3165,625,1
3166,736,1
3167,716,1
3168,797,1
3169,685,1
3170,772,1
3171,839,1
3172,757,1
3173,741,1
3174,715,1
3175,772,1
3176,811,1
3177,852,1
3178,873,1
3179,796,1
3180,798,1
3181,743,1
3182,801,1
3183,757,1
3184,769,1
3185,707,1
3186,683,1
3187,853,1
3188,829,1
3189,847,1
3190,791,1
3191,836,1
3192,688,1
3193,817,1
3194,776,1
3195,816,1
3196,661,1
3197,668,1
3198,783,1
3199,784,1
3200,728,1
3201,647,1
3202,729,1
3203,717,1
3204,823,1
3205,810,1
3206,757,1
3207,644,1
3208,750,1
3209,838,1
3210,721,1
3211,802,1
3212,816,1
3213,799,1
3214,574,1
3215,860,1
3216,772,1
3217,723,1
3218,715,1
3219,798,1
3220,705,1
3221,782,1
3222,825,1
3223,800,1
3224,780,1
3225,808,1
3226,679,1
3227,760,1
3228,762,1
3229,802,1
3230,723,1
3231,815,1
3232,881,1
3233,811,1
3234,791,1
3235,709,1
3236,732,1
3237,833,1
3238,694,1
3239,796,1
3240,785,1
3241,769,1
3242,719,1
3243,776,1
3244,583,1
3245,767,1
3246,573,1
3247,842,1
3248,569,1
3249,710,1
3250,776,1
3251,710,1
3252,808,1
3253,820,1
3254,804,1
3255,762,1
3256,653,1
3257,783,1
3258,780,1
3259,854,1
3260,840,1
3261,776,1
3262,746,1
3263,803,1
3264,754,1
3265,817,1
3266,769,1
3267,681,1
3268,768,1
3269,653,1
3270,823,1
3271,745,1
3272,770,1
3273,733,1
3274,818,1
3275,726,1
3276,799,1
3277,788,1
3278,857,1
3279,796,1
3280,733,1
3281,803,1
3282,655,1
3283,673,1
3284,839,1
3285,688,1
3286,777,1
3287,738,1
3288,784,1
3289,818,1
3290,771,1
3291,778,1
3292,677,1
3293,782,1
3294,745,1
3295,896,1
3296,801,1
3297,813,1
3298,832,1
3299,806,1
3300,865,1
3301,871,1
3302,811,1
3303,790,1
3304,840,1
3305,675,1
3306,768,1
3307,820,1
3308,810,1
3309,771,1
3310,627,1
3311,731,1
3312,776,1
3313,735,1
3314,745,1
3315,775,1
3316,791,1
3317,833,1
3318,665,1
3319,818,1
3320,721,1
3321,822,1
3322,804,1
3323,852,1
3324,835,1
3325,847,1
3326,830,1
3327,775,1
3328,778,1
3329,836,1
3330,783,1
3331,745,1
3332,798,1
3333,816,1
3334,826,1
3335,802,1
3336,748,1
3337,895,1
3338,688,1
3339,742,1
3340,683,1
3341,786,1
3342,823,1
3343,668,1
3344,758,1
3345,675,1
3346,877,1
3347,796,1
3348,810,1
3349,810,1
3350,851,1
3351,727,1
3352,784,1
3353,839,1
3354,779,1
3355,824,1
3356,783,1
3357,707,1
3358,792,1
3359,732,1
3360,802,1
3361,764,1
3362,752,1
3363,735,1
3364,703,1
3365,651,1
3366,647,1
3367,715,1
3368,650,1
3369,794,1
3370,800,1
3371,773,1
3372,718,1
3373,869,1
3374,709,1
3375,774,1
3376,785,1
3377,829,1
3378,766,1
3379,670,1
3380,739,1
3381,781,1
3382,790,1
3383,704,1
3384,669,1
3385,758,1
3386,784,1
3387,622,1
3388,764,1
3389,720,1
3390,766,1
3391,739,1
3392,618,1
3393,761,1
3394,783,1
3395,721,1
3396,739,1
3397,789,1
3398,795,1
3399,779,1
3400,784,1
3401,753,1
3402,749,1
3403,846,1
3404,833,1
3405,796,1
3406,753,1
3407,645,1
3408,757,1
3409,644,1
3410,787,1
3411,802,1
3412,836,1
3413,687,1
3414,819,1
3415,788,1
3416,797,1
3417,756,1
3418,740,1
3419,729,1
3420,836,1
3421,840,1
3422,805,1
3423,815,1
3424,742,1
3425,751,1
3426,876,1
3427,787,1
3428,805,1
3429,789,1
3430,793,1
3431,771,1
3432,776,1
3433,799,1
3434,778,1
3435,767,1
3436,796,1
3437,850,1
3438,797,1
3439,781,1
3440,725,1
3441,743,1
3442,846,1
3443,769,1
3444,726,1
3445,708,1
3446,853,1
3447,800,1
3448,718,1
3449,699,1
3450,779,1
3451,769,1
3452,769,1
3453,785,1
3454,711,1
3455,701,1
3456,812,1
3457,801,1
3458,814,1
3459,849,1
3460,749,1
3461,822,1
3462,740,1
3463,670,1
3464,744,1
3465,744,1
3466,754,1
3467,766,1
3468,779,1
3469,800,1
3470,784,1
3471,790,1
3472,820,1
3473,735,1
3474,747,1
3475,826,1
3476,757,1
3477,819,1
3478,752,1
3479,857,1
3480,881,1
3481,745,1
3482,799,1
3483,749,1
3484,788,1
3485,694,1
3486,763,1
3487,847,1
3488,756,1
3489,782,1
3490,827,1
3491,818,1
3492,799,1
3493,753,1
3494,711,1
3495,860,1
3496,836,1
3497,749,1
3498,786,1
3499,836,1
3500,811,1
3501,795,1
3502,715,1
3503,783,1
3504,722,1
3505,788,1
3506,784,1
3507,810,1
3508,602,1
3509,712,1
3510,878,1
3511,660,1
3512,760,1
3513,802,1
3514,780,1
3515,827,1
3516,757,1
3517,798,1
3518,823,1
3519,777,1
3520,721,1
3521,692,1
3522,737,1
3523,752,1
3524,772,1
3525,730,1
3526,788,1
3527,859,1
3528,859,1
3529,747,1
3530,819,1
3531,837,1
3532,793,1
3533,793,1
3534,679,1
3535,742,1
3536,726,1
3537,708,1
3538,626,1
3539,822,1
3540,753,1
3541,831,1
3542,848,1
3543,711,1
3544,711,1
3545,766,1
3546,868,1
3547,832,1
3548,722,1
3549,723,1
3550,803,1
3551,668,1
3552,790,1
3553,699,1
3554,801,1
3555,696,1
3556,834,1
3557,750,1
3558,815,1
3559,768,1
3560,717,1
3561,761,1
3562,833,1
3563,629,1
3564,737,1
3565,753,1
3566,754,1
3567,780,1
3568,799,1
3569,721,1
3570,788,1
3571,832,1
3572,690,1
3573,857,1
3574,781,1
3575,855,1
3576,776,1
3577,762,1
3578,796,1
3579,839,1
3580,842,1
3581,849,1
3582,763,1
3583,763,1
3584,811,1
3585,854,1
3586,822,1
3587,790,1
3588,806,1
3589,731,1
3590,786,1
3591,756,1
3592,794,1
3593,767,1
3594,763,1
3595,852,1
3596,806,1
3597,796,1
3598,808,1
3599,829,1
3600,780,1
3601,737,1
3602,815,1
3603,778,1
3604,824,1
3605,723,1
3606,771,1
3607,807,1
3608,788,1
3609,798,1
3610,811,1
3611,849,1
3612,759,1
3613,755,1
3614,730,1
3615,778,1
3616,817,1
3617,603,1
3618,768,1
3619,851,1
3620,752,1
3621,848,1
3622,791,1
3623,730,1
3624,845,1
3625,780,1
3626,819,1
3627,833,1
3628,767,1
3629,780,1
3630,715,1
3631,681,1
3632,776,1
3633,852,1
3634,780,1
3635,867,1
3636,726,1
3637,834,1
3638,759,1
3639,752,1
3640,680,1
3641,778,1
3642,748,1
3643,732,1
3644,786,1
3645,727,1
3646,742,1
3647,810,1
3648,787,1
3649,704,1
3650,729,1
3651,790,1
3652,720,1
3653,716,1
3654,744,1
3655,784,1
3656,789,1
3657,772,1
3658,834,1
3659,714,1
3660,673,1
3661,797,1
3662,742,1
3663,652,1
3664,698,1
3665,791,1
3666,803,1
3667,811,1
3668,772,1
3669,697,1
3670,796,1
3671,827,1
3672,708,1
3673,746,1
3674,727,1
3675,798,1
3676,848,1
3677,813,1
3678,654,1
3679,798,1
3680,745,1
3681,743,1
3682,822,1
3683,688,1
3684,678,1
3685,737,1
3686,788,1
3687,802,1
3688,803,1
3689,800,1
3690,725,1
3691,654,1
3692,615,1
3693,812,1
3694,775,1
3695,793,1
3696,808,1
3697,757,1
3698,859,1
3699,666,1
3700,659,1
3701,768,1
3702,768,1
3703,710,1
3704,737,1
3705,497,1
3706,838,1
3707,825,1
3708,770,1
3709,777,1
3710,764,1
3711,769,1
3712,667,1
3713,582,1
3714,665,1
3715,562,1
3716,561,1
3717,601,1
3718,768,1
3719,753,1
3720,756,1
3721,493,1
3722,699,1
3723,731,1
3724,607,1
3725,715,1
3726,730,1
3727,665,1
3728,693,1
3729,556,1
3730,688,1
3731,754,1
3732,706,1
3733,628,1
3734,762,1
3735,756,1
3736,553,1
3737,523,1
3738,676,1
3739,817,1
3740,680,1
3741,774,1
3742,540,1
3743,632,1
3744,626,1
3745,634,1
3746,490,1
3747,641,1
3748,789,1
3749,770,1
3750,764,1
3751,654,1
3752,651,1
3753,767,1
3754,546,1
3755,712,1
3756,473,1
3757,856,1
3758,836,1
3759,824,1
3760,821,1
3761,878,1
3762,846,1
3763,779,1
3764,861,1
3765,824,1
3766,782,1
3767,863,1
3768,839,1
3769,822,1
3770,825,1
3771,855,1
3772,802,1
3773,700,1
3774,880,1
3775,779,1
3776,800,1
3777,831,1
3778,828,1
3779,863,1
3780,871,1
3781,803,1
3782,773,1
3783,593,1
3784,719,1
3785,734,1
3786,648,1
3787,699,1
3788,829,1
3789,728,1
3790,629,1
3791,733,1
3792,727,1
3793,635,1
3794,748,1
3795,631,1
3796,722,1
3797,746,1
3798,841,1
3799,841,1
3800,572,1
3801,572,1
3802,764,1
3803,647,1
3804,865,1
3805,694,1
3806,775,1
3807,747,1
3808,778,1
3809,707,1
3810,790,1
3811,790,1
3812,791,1
3813,650,1
3814,699,1
3815,828,1
3816,752,1
3817,656,1
3818,789,1
3819,645,1
3820,738,1
3821,701,1
3822,761,1
3823,838,1
3824,769,1
3825,830,1
3826,837,1
3827,884,1
3828,775,1
3829,792,1
3830,898,1
3831,884,1
3832,821,1
3833,918,1
3834,874,1
3835,857,1
3836,852,1
3837,806,1
3838,767,1
3839,869,1
3840,835,1
3841,871,1
3842,813,1
3843,833,1
3844,843,1
3845,754,1
3846,807,1
3847,831,1
3848,862,1
3849,851,1
3850,866,1
3851,866,1
3852,841,1
3853,913,1
3854,795,1
3855,832,1
3856,866,1
3857,832,1
3858,826,1
3859,889,1
3860,870,1
3861,763,1
3862,738,1
3863,714,1
3864,891,1
3865,823,1
3866,823,1
3867,839,1
3868,788,1
3869,861,1
3870,872,1
3871,831,1
3872,845,1
3873,837,1
3874,828,1
3875,794,1
3876,840,1
3877,805,1
3878,856,1
3879,875,1
3880,867,1
3881,850,1
3882,864,1
3883,860,1
3884,829,1
3885,912,1
3886,838,1
3887,893,1
3888,911,1
3889,879,1
3890,811,1
3891,868,1
3892,884,1
3893,865,1
3894,899,1
3895,764,1
3896,819,1
3897,844,1
3898,893,1
3899,849,1
3900,834,1
3901,886,1
3902,849,1
3903,887,1
3904,888,1
3905,897,1
3906,891,1
3907,904,1
3908,890,1
3909,850,1
3910,887,1
3911,836,1
3912,803,1
3913,883,1
3914,883,1
3915,818,1
3916,833,1
3917,822,1
3918,849,1
3919,803,1
3920,827,1
3921,730,1
3922,803,1
3923,845,1
3924,824,1
3925,854,1
3926,850,1
3927,859,1
3928,787,1
3929,784,1
3930,822,1
3931,809,1
3932,839,1
3933,878,1
3934,875,1
3935,810,1
3936,801,1
3937,797,1
3938,752,1
3939,899,1
3940,851,1
3941,856,1
3942,843,1
3943,853,1
3944,877,1
3945,840,1
3946,880,1
3947,845,1
3948,884,1
3949,841,1
3950,847,1
3951,883,1
3952,858,1
3953,877,1
3954,846,1
3955,829,1
3956,902,1
3957,916,1
3958,891,1
3959,865,1
3960,891,1
3961,840,1
3962,904,1
3963,850,1
3964,881,1
3965,845,1
3966,788,1
3967,812,1
3968,863,1
3969,762,1
3970,833,1
3971,749,1
3972,829,1
3973,840,1
3974,733,1
3975,895,1
3976,815,1
3977,838,1
3978,810,1
3979,865,1
3980,888,1
3981,845,1
3982,832,1
3983,824,1
3984,898,1
3985,868,1
3986,854,1
3987,836,1
3988,892,1
3989,859,1
3990,822,1
3991,815,1
3992,852,1
3993,851,1
3994,846,1
3995,792,1
3996,831,1
3997,890,1
3998,875,1
3999,832,1
4000,872,1
4001,800,1
4002,859,1
4003,888,1
4004,882,1
4005,880,1
4006,898,1
4007,873,1
4008,838,1
4009,824,1
4010,870,1
4011,826,1
4012,866,1
4013,881,1
4014,869,1
4015,881,1
4016,898,1
4017,896,1
4018,857,1
4019,823,1
4020,836,1
4021,861,1
4022,856,1
4023,838,1
4024,866,1
4025,864,1
4026,883,1
4027,869,1
4028,883,1
4029,866,1
4030,827,1
4031,867,1
4032,827,1
4033,855,1
4034,832,1
4035,873,1
4036,887,1
4037,891,1
4038,830,1
4039,848,1
4040,871,1
4041,860,1
4042,845,1
4043,821,1
4044,782,1
4045,816,1
4046,896,1
4047,870,1
4048,837,1
4049,834,1
4050,827,1
4051,838,1
4052,776,1
4053,877,1
4054,879,1
4055,840,1
4056,919,1
4057,862,1
4058,841,1
4059,844,1
4060,799,1
4061,834,1
4062,791,1
4063,889,1
4064,886,1
4065,838,1
4066,913,1
4067,816,1
4068,902,1
4069,822,1
4070,881,1
4071,830,1
4072,789,1
4073,854,1
4074,862,1
4075,822,1
4076,832,1
4077,733,1
4078,834,1
4079,631,1
4080,789,1
4081,664,1
4082,762,1
4083,757,1
4084,585,1
4085,665,1
4086,607,1
4087,767,1
4088,714,1
4089,856,1
4090,764,1
4091,742,1
4092,852,1
4093,838,1
4094,850,1
4095,847,1
4096,837,1
4097,633,1
4098,766,1
4099,561,1
4100,670,1
4101,743,1
4102,750,1
4103,780,1
4104,799,1
4105,755,1
4106,743,1
4107,760,1
4108,643,1
4109,835,1
4110,623,1
4111,728,1
4112,867,1
4113,872,1
4114,847,1
4115,820,1
4116,874,1
4117,751,1
4118,802,1
4119,698,1
4120,750,1
4121,840,1
4122,862,1
4123,850,1
4124,777,1
4125,724,1
4126,692,1
4127,744,1
4128,860,1
4129,820,1
4130,860,1
4131,876,1
4132,823,1
4133,797,1
4134,896,1
4135,852,1
4136,829,1
4137,848,1
4138,879,1
4139,897,1
4140,862,1
4141,814,1
4142,833,1
4143,846,1
4144,814,1
4145,885,1
4146,839,1
4147,842,1
4148,875,1
4149,861,1
4150,836,1
4151,745,1
4152,807,1
4153,832,1
4154,821,1
4155,816,1
4156,841,1
4157,880,1
4158,868,1
4159,801,1
4160,779,1
4161,583,1
4162,845,1
4163,840,1
4164,835,1
4165,883,1
4166,780,1
4167,830,1
4168,892,1
4169,873,1
4170,861,1
4171,799,1
4172,833,1
4173,792,1
4174,870,1
4175,856,1
4176,840,1
4177,894,1
4178,811,1
4179,911,1
4180,831,1
4181,765,1
4182,845,1
4183,841,1
4184,860,1
4185,831,1
4186,795,1
4187,766,1
4188,809,1
4189,705,1
4190,803,1
4191,840,1
4192,899,1
4193,823,1
4194,831,1
4195,840,1
4196,884,1
4197,895,1
4198,896,1
4199,864,1
4200,831,1
4201,827,1
4202,791,1
4203,813,1
4204,833,1
4205,812,1
4206,795,1
4207,863,1
4208,889,1
4209,802,1
4210,903,1
4211,812,1
4212,852,1
4213,845,1
4214,887,1
4215,880,1
4216,867,1
4217,789,1
4218,809,1
4219,850,1
4220,826,1
4221,810,1
4222,850,1
4223,841,1
4224,831,1
4225,893,1
4226,888,1
4227,863,1
4228,853,1
4229,867,1
4230,820,1
4231,851,1
4232,846,1
4233,844,1
4234,902,1
4235,886,1
4236,817,1
4237,898,1
4238,843,1
4239,821,1
4240,828,1
4241,857,1
4242,782,1
4243,880,1
4244,839,1
4245,831,1
4246,881,1
4247,837,1
4248,797,1
4249,897,1
4250,884,1
4251,816,1
4252,866,1
4253,809,1
4254,853,1
4255,878,1
4256,819,1
4257,746,1
4258,840,1
4259,745,1
4260,851,1
4261,855,1
4262,837,1
4263,851,1
4264,829,1
4265,771,1
4266,843,1
4267,878,1
4268,861,1
4269,836,1
4270,839,1
4271,852,1
4272,814,1
4273,804,1
4274,863,1
4275,896,1
4276,814,1
4277,835,1
4278,856,1
4279,805,1
4280,839,1
4281,799,1
4282,838,1
4283,891,1
4284,870,1
4285,890,1
4286,872,1
4287,786,1
4288,807,1
4289,840,1
4290,891,1
4291,878,1
4292,877,1
4293,851,1
4294,784,1
4295,705,1
4296,873,1
4297,883,1
4298,891,1
4299,803,1
4300,784,1
4301,732,1
4302,856,1
4303,874,1
4304,789,1
4305,776,1
4306,771,1
4307,867,1
4308,878,1
4309,824,1
4310,890,1
4311,793,1
4312,736,1
4313,807,1
4314,898,1
4315,902,1
4316,845,1
4317,871,1
4318,891,1
4319,877,1
4320,831,1
4321,889,1
4322,844,1
4323,844,1
4324,878,1
4325,811,1
4326,872,1
4327,813,1
4328,848,1
4329,865,1
4330,852,1
4331,851,1
4332,857,1
4333,840,1
4334,834,1
4335,832,1
4336,857,1
4337,832,1
4338,845,1
4339,819,1
4340,860,1
4341,869,1
4342,880,1
4343,843,1
4344,847,1
4345,879,1
4346,863,1
4347,813,1
4348,867,1
4349,843,1
4350,888,1
4351,876,1
4352,875,1
4353,827,1
4354,889,1
4355,847,1
4356,861,1
4357,830,1
4358,854,1
4359,839,1
4360,881,1
4361,835,1
4362,821,1
4363,850,1
4364,854,1
4365,853,1
4366,895,1
4367,835,1
4368,872,1
4369,856,1
4370,868,1
4371,863,1
4372,837,1
4373,840,1
4374,855,1
4375,795,1
4376,826,1
4377,842,1
4378,850,1
4379,824,1
4380,900,1
4381,822,1
4382,877,1
4383,845,1
4384,868,1
4385,865,1
4386,865,1
4387,864,1
4388,850,1
4389,846,1
4390,859,1
4391,875,1
4392,875,1
4393,813,1
4394,692,1
4395,833,1
4396,844,1
4397,823,1
4398,856,1
4399,816,1
4400,882,1
4401,867,1
4402,886,1
4403,906,1
4404,872,1
4405,794,1
4406,853,1
4407,893,1
4408,879,1
4409,851,1
4410,887,1
4411,872,1
4412,767,1
4413,858,1
4414,855,1
4415,884,1
4416,807,1
4417,869,1
4418,890,1
4419,829,1
4420,808,1
4421,879,1
4422,827,1
4423,827,1
4424,843,1
4425,872,1
4426,859,1
4427,859,1
4428,808,1
4429,884,1
4430,873,1
4431,833,1
4432,823,1
4433,874,1
4434,846,1
4435,848,1
4436,747,1
4437,833,1
4438,856,1
4439,722,1
4440,835,1
4441,886,1
4442,887,1
4443,884,1
4444,882,1
4445,868,1
4446,861,1
4447,777,1
4448,855,1
4449,825,1
4450,836,1
4451,838,1
4452,854,1
4453,825,1
4454,875,1
4455,808,1
4456,872,1
4457,846,1
4458,838,1
4459,832,1
4460,848,1
4461,818,1
4462,779,1
4463,799,1
4464,870,1
4465,830,1
4466,853,1
4467,836,1
4468,828,1
4469,800,1
4470,856,1
4471,818,1
4472,831,1
4473,850,1
4474,892,1
4475,862,1
4476,870,1
4477,894,1
4478,869,1
4479,835,1
4480,868,1
4481,865,1
4482,855,1
4483,861,1
4484,864,1
4485,873,1
4486,838,1
4487,877,1
4488,843,1
4489,903,1
4490,871,1
4491,855,1
4492,858,1
4493,823,1
4494,827,1
4495,852,1
4496,770,1
4497,864,1
4498,859,1
4499,872,1
4500,883,1
4501,869,1
4502,871,1
4503,828,1
4504,860,1
4505,826,1
4506,816,1
4507,866,1
4508,827,1
4509,847,1
4510,851,1
4511,846,1
4512,867,1
4513,884,1
4514,866,1
4515,824,1
4516,870,1
4517,809,1
4518,871,1
4519,863,1
4520,873,1
4521,874,1
4522,864,1
4523,879,1
4524,866,1
4525,882,1
4526,852,1
4527,814,1
4528,801,1
4529,859,1
4530,829,1
4531,823,1
4532,828,1
4533,841,1
4534,845,1
4535,839,1
4536,837,1
4537,835,1
4538,821,1
4539,839,1
4540,844,1
4541,860,1
4542,792,1
4543,859,1
4544,841,1
4545,872,1
4546,830,1
4547,835,1
4548,854,1
4549,892,1
4550,859,1
4551,848,1
4552,864,1
4553,880,1
4554,850,1
4555,856,1
4556,878,1
4557,847,1
4558,838,1
4559,885,1
4560,837,1
4561,836,1
4562,853,1
4563,857,1
4564,860,1
4565,819,1
4566,895,1
4567,834,1
4568,872,1
4569,785,1
4570,853,1
4571,870,1
4572,813,1
4573,877,1
4574,856,1
4575,850,1
4576,762,1
4577,864,1
4578,878,1
4579,885,1
4580,815,1
4581,838,1
4582,890,1
4583,813,1
4584,859,1
4585,826,1
4586,855,1
4587,827,1
4588,855,1
4589,790,1
4590,865,1
4591,761,1
4592,869,1
4593,821,1
4594,877,1
4595,865,1
4596,884,1
4597,883,1
4598,823,1
4599,873,1
4600,837,1
4601,873,1
4602,821,1
4603,793,1
4604,881,1
4605,852,1
4606,867,1
4607,826,1
4608,855,1
4609,871,1
4610,881,1
4611,862,1
4612,810,1
4613,901,1
4614,868,1
4615,853,1
4616,846,1
4617,890,1
4618,865,1
4619,857,1
4620,849,1
4621,874,1
4622,820,1
4623,869,1
4624,832,1
4625,812,1
4626,852,1
4627,867,1
4628,827,1
4629,834,1
4630,878,1
4631,833,1
4632,770,1
4633,855,1
4634,840,1
4635,871,1
4636,891,1
4637,850,1
4638,833,1
4639,868,1
4640,860,1
4641,854,1
4642,800,1
4643,820,1
4644,842,1
4645,863,1
4646,883,1
4647,799,1
4648,854,1
4649,846,1
4650,883,1
4651,823,1
4652,836,1
4653,857,1
4654,853,1
4655,858,1
4656,882,1
4657,785,1
4658,866,1
4659,896,1
4660,873,1
4661,846,1
4662,864,1
4663,862,1
4664,836,1
4665,867,1
4666,890,1
4667,803,1
4668,796,1
4669,854,1
4670,859,1
4671,829,1
4672,859,1
4673,838,1
4674,895,1
4675,882,1
4676,818,1
4677,782,1
4678,807,1
4679,852,1
4680,850,1
4681,826,1
4682,828,1
4683,897,1
4684,845,1
4685,843,1
4686,828,1
4687,873,1
4688,834,1
4689,848,1
4690,811,1
4691,834,1
4692,905,1
4693,848,1
4694,860,1
4695,897,1
4696,869,1
4697,852,1
4698,855,1
4699,880,1
4700,826,1
4701,844,1
4702,878,1
4703,885,1
4704,872,1
4705,842,1
4706,850,1
4707,848,1
4708,843,1
4709,877,1
4710,843,1
4711,904,1
4712,861,1
4713,885,1
4714,868,1
4715,835,1
4716,838,1
4717,854,1
4718,888,1
4719,818,1
4720,827,1
4721,766,1
4722,786,1
4723,867,1
4724,867,1
4725,839,1
4726,831,1
4727,817,1
4728,841,1
4729,842,1
4730,864,1
4731,856,1
4732,845,1
4733,770,1
4734,862,1
4735,886,1
4736,852,1
4737,847,1
4738,890,1
4739,838,1
4740,890,1
4741,890,1
4742,825,1
4743,862,1
4744,861,1
4745,767,1
4746,879,1
4747,830,1
4748,861,1
4749,876,1
4750,877,1
4751,849,1
4752,876,1
4753,861,1
4754,858,1
4755,857,1
4756,879,1
4757,837,1
4758,885,1
4759,818,1
4760,857,1
4761,849,1
4762,863,1
4763,900,1
4764,841,1
4765,815,1
4766,889,1
4767,846,1
4768,883,1
4769,856,1
4770,841,1
4771,880,1
4772,789,1
4773,839,1
4774,879,1
4775,862,1
4776,845,1
4777,743,1
4778,836,1
4779,796,1
4780,872,1
4781,871,1
4782,845,1
4783,823,1
4784,813,1
4785,888,1
4786,835,1
4787,779,1
4788,866,1
4789,785,1
4790,880,1
4791,858,1
4792,866,1
4793,904,1
4794,870,1
4795,874,1
4796,864,1
4797,864,1
4798,896,1
4799,856,1
4800,820,1
4801,825,1
4802,844,1
4803,864,1
4804,852,1
4805,835,1
4806,804,1
4807,840,1
4808,841,1
4809,838,1
4810,872,1
4811,865,1
4812,837,1
4813,819,1
4814,766,1
4815,849,1
4816,863,1
4817,812,1
4818,859,1
4819,861,1
4820,849,1
4821,873,1
4822,811,1
4823,872,1
4824,859,1
4825,875,1
4826,847,1
4827,866,1
4828,858,1
4829,843,1
4830,888,1
4831,881,1
4832,839,1
4833,846,1
4834,874,1
4835,828,1
4836,884,1
4837,884,1
4838,883,1
4839,888,1
4840,854,1
4841,835,1
4842,846,1
4843,875,1
4844,816,1
4845,844,1
4846,846,1
4847,876,1
4848,869,1
4849,814,1
4850,815,1
4851,895,1
4852,889,1
4853,879,1
4854,859,1
4855,823,1
4856,813,1
4857,861,1
4858,813,1
4859,831,1
4860,887,1
4861,882,1
4862,843,1
4863,826,1
4864,892,1
4865,850,1
4866,836,1
4867,852,1
4868,871,1
4869,885,1
4870,828,1
4871,738,1
4872,842,1
4873,856,1
4874,872,1
4875,877,1
4876,873,1
4877,833,1
4878,754,1
4879,759,1
4880,654,1
4881,798,1
4882,727,1
4883,752,1
4884,706,1
4885,741,1
4886,755,1
4887,656,1
4888,603,1
4889,659,1
4890,725,1
4891,660,1
4892,743,1
4893,735,1
4894,737,1
4895,675,1
4896,634,1
4897,692,1
4898,629,1
4899,675,1
4900,707,1
4901,675,1
4902,717,1
4903,731,1
4904,643,1
4905,768,1
4906,787,1
4907,739,1
4908,785,1
4909,741,1
4910,615,1
4911,765,1
4912,694,1
4913,639,1
4914,826,1
4915,726,1
4916,770,1
4917,662,1
4918,802,1
4919,746,1
4920,795,1
4921,718,1
4922,736,1
4923,820,1
4924,794,1
4925,761,1
4926,792,1
4927,768,1
4928,639,1
4929,732,1
4930,682,1
4931,687,1
4932,767,1
4933,701,1
4934,789,1
4935,691,1
4936,777,1
4937,702,1
4938,762,1
4939,796,1
4940,752,1
4941,773,1
4942,700,1
4943,684,1
4944,705,1
4945,782,1
4946,819,1
4947,784,1
4948,705,1
4949,799,1
4950,726,1
4951,713,1
4952,666,1
4953,704,1
4954,667,1
4955,786,1
4956,770,1
4957,712,1
4958,759,1
4959,725,1
4960,734,1
4961,545,1
4962,497,1
4963,780,1
4964,727,1
4965,707,1
4966,785,1
4967,827,1
4968,633,1
4969,747,1
4970,728,1
4971,780,1
4972,751,1
4973,721,1
4974,696,1
4975,697,1
4976,613,1
4977,748,1
4978,639,1
4979,777,1
4980,636,1
4981,763,1
4982,744,1
4983,784,1
4984,682,1
4985,667,1
4986,700,1
4987,577,1
4988,726,1
4989,768,1
4990,730,1
4991,790,1
4992,770,1
4993,813,1
4994,668,1
4995,678,1
4996,704,1
4997,724,1
4998,675,1
4999,713,1
5000,719,1
5001,687,1
5002,730,1
5003,768,1
5004,639,1
5005,678,1
5006,818,1
5007,772,1
5008,629,1
5009,775,1
5010,768,1
5011,788,1
5012,684,1
5013,752,1
5014,793,1
5015,769,1
5016,765,1
5017,796,1
5018,690,1
5019,720,1
5020,835,1
5021,690,1
5022,768,1
5023,769,1
5024,832,1
5025,830,1
5026,571,1
5027,679,1
5028,527,1
5029,693,1
5030,628,1
5031,612,1
5032,730,1
5033,694,1
5034,773,1
5035,756,1
5036,789,1
5037,620,1
5038,842,1
5039,713,1
5040,693,1
5041,661,1
5042,751,1
5043,698,1
5044,707,1
5045,784,1
5046,503,1
5047,833,1
5048,796,1
5049,797,1
5050,718,1
5051,802,1
5052,670,1
5053,653,1
5054,779,1
5055,720,1
5056,719,1
5057,755,1
5058,714,1
5059,776,1
5060,850,1
5061,728,1
5062,730,1
5063,659,1
5064,711,1
5065,816,1
5066,718,1
5067,793,1
5068,776,1
5069,573,1
5070,707,1
5071,756,1
5072,741,1
5073,611,1
5074,599,1
5075,689,1
5076,720,1
5077,777,1
5078,739,1
5079,706,1
5080,810,1
5081,564,1
5082,699,1
5083,707,1
5084,748,1
5085,791,1
5086,816,1
5087,787,1
5088,785,1
5089,775,1
5090,789,1
5091,708,1
5092,684,1
5093,711,1
5094,636,1
5095,708,1
5096,690,1
5097,712,1
5098,555,1
5099,674,1
5100,710,1
5101,786,1
5102,753,1
5103,624,1
5104,709,1
5105,789,1
5106,799,1
5107,749,1
5108,734,1
5109,716,1
5110,794,1
5111,511,1
5112,676,1
5113,707,1
5114,751,1
5115,644,1
5116,684,1
5117,711,1
5118,629,1
5119,739,1
5120,774,1
5121,763,1
5122,779,1
5123,697,1
5124,656,1
5125,678,1
5126,682,1
5127,738,1
5128,675,1
5129,706,1
5130,775,1
5131,737,1
5132,750,1
5133,661,1
5134,653,1
5135,672,1
5136,790,1
5137,692,1
5138,598,1
5139,814,1
5140,708,1
5141,776,1
5142,834,1
5143,699,1
5144,740,1
5145,521,1
5146,606,1
5147,759,1
5148,699,1
5149,816,1
5150,655,1
5151,516,1
5152,724,1
5153,725,1
5154,702,1
5155,696,1
5156,626,1
5157,759,1
5158,738,1
5159,687,1
5160,761,1
5161,699,1
5162,652,1
5163,632,1
5164,723,1
5165,715,1
5166,729,1
5167,683,1
5168,805,1
5169,555,1
5170,710,1
5171,838,1
5172,712,1
5173,753,1
5174,745,1
5175,818,1
5176,686,1
5177,707,1
5178,739,1
5179,738,1
5180,677,1
5181,794,1
5182,656,1
5183,796,1
5184,736,1
5185,762,1
5186,727,1
5187,702,1
5188,765,1
5189,758,1
5190,734,1
5191,830,1
5192,734,1
5193,630,1
5194,743,1
5195,741,1
5196,685,1
5197,685,1
5198,679,1
5199,741,1
5200,711,1
5201,632,1
5202,677,1
5203,669,1
5204,726,1
5205,714,1
5206,727,1
5207,481,1
5208,690,1
5209,518,1
5210,658,1
5211,773,1
5212,824,1
5213,776,1
5214,778,1
5215,728,1
5216,749,1
5217,659,1
5218,714,1
5219,792,1
5220,824,1
5221,703,1
5222,719,1
5223,750,1
5224,720,1
5225,798,1
5226,701,1
5227,701,1
5228,599,1
5229,725,1
5230,778,1
5231,716,1
5232,822,1
5233,629,1
5234,768,1
5235,739,1
5236,753,1
5237,829,1
5238,745,1
5239,807,1
5240,886,1
5241,752,1
5242,775,1
5243,848,1
5244,836,1
5245,795,1
5246,803,1
5247,610,1
5248,803,1
5249,840,1
5250,854,1
5251,748,1
5252,786,1
5253,807,1
5254,794,1
5255,687,1
5256,786,1
5257,787,1
5258,854,1
5259,822,1
5260,855,1
5261,868,1
5262,873,1
5263,805,1
5264,824,1
5265,898,1
5266,870,1
5267,867,1
5268,826,1
5269,873,1
5270,878,1
5271,854,1
5272,885,1
5273,863,1
5274,858,1
5275,848,1
5276,866,1
5277,890,1
5278,838,1
5279,760,1
5280,825,1
5281,884,1
5282,877,1
5283,824,1
5284,874,1
5285,852,1
5286,877,1
5287,817,1
5288,819,1
5289,860,1
5290,828,1
5291,865,1
5292,823,1
5293,847,1
5294,794,1
5295,832,1
5296,852,1
5297,878,1
5298,824,1
5299,817,1
5300,845,1
5301,847,1
5302,841,1
5303,841,1
5304,845,1
5305,728,1
5306,766,1
5307,855,1
5308,779,1
5309,826,1
5310,736,1
5311,851,1
5312,848,1
5313,875,1
5314,891,1
5315,867,1
5316,818,1
5317,839,1
5318,859,1
5319,862,1
5320,853,1
5321,861,1
5322,869,1
5323,778,1
5324,804,1
5325,825,1
5326,822,1
5327,864,1
5328,821,1
5329,827,1
5330,854,1
5331,732,1
5332,860,1
5333,876,1
5334,840,1
5335,874,1
5336,838,1
5337,856,1
5338,855,1
5339,806,1
5340,804,1
5341,831,1
5342,861,1
5343,839,1
5344,839,1
5345,867,1
5346,816,1
5347,850,1
5348,857,1
5349,857,1
5350,869,1
5351,851,1
5352,819,1
5353,791,1
5354,883,1
5355,847,1
5356,900,1
5357,835,1
5358,856,1
5359,827,1
5360,877,1
5361,858,1
5362,834,1
5363,852,1
5364,887,1
5365,851,1
5366,836,1
5367,835,1
5368,819,1
5369,851,1
5370,836,1
5371,842,1
5372,829,1
5373,796,1
5374,793,1
5375,830,1
5376,837,1
5377,824,1
5378,831,1
5379,883,1
5380,854,1
5381,868,1
5382,850,1
5383,855,1
5384,825,1
5385,850,1
5386,824,1
5387,872,1
5388,886,1
5389,828,1
5390,862,1
5391,799,1
5392,795,1
5393,864,1
5394,851,1
5395,845,1
5396,858,1
5397,871,1
5398,852,1
5399,834,1
5400,849,1
5401,856,1
5402,826,1
5403,867,1
5404,840,1
5405,793,1
5406,867,1
5407,746,1
5408,844,1
5409,831,1
5410,850,1
5411,839,1
5412,895,1
5413,837,1
5414,819,1
5415,801,1
5416,837,1
5417,806,1
5418,853,1
5419,858,1
5420,831,1
5421,785,1
5422,872,1
5423,826,1
5424,831,1
5425,867,1
5426,855,1
5427,852,1
5428,696,1
5429,844,1
5430,874,1
5431,788,1
5432,859,1
5433,811,1
5434,821,1
5435,820,1
5436,815,1
5437,842,1
5438,804,1
5439,868,1
5440,858,1
5441,865,1
5442,847,1
5443,852,1
5444,839,1
5445,868,1
5446,842,1
5447,833,1
5448,855,1
5449,848,1
5450,839,1
5451,828,1
5452,823,1
5453,842,1
5454,844,1
5455,805,1
5456,843,1
5457,854,1
5458,851,1
5459,837,1
5460,848,1
5461,756,1
5462,861,1
5463,815,1
5464,783,1
5465,835,1
5466,811,1
5467,813,1
5468,843,1
5469,859,1
5470,850,1
5471,876,1
5472,841,1
5473,853,1
5474,861,1
5475,815,1
5476,840,1
5477,780,1
5478,867,1
5479,863,1
5480,844,1
5481,833,1
5482,838,1
5483,828,1
5484,827,1
5485,884,1
5486,820,1
5487,868,1
5488,829,1
5489,866,1
5490,812,1
5491,862,1
5492,845,1
5493,830,1
5494,840,1
5495,822,1
5496,849,1
5497,865,1
5498,862,1
5499,842,1
5500,858,1
5501,833,1
5502,842,1
5503,793,1
5504,857,1
5505,848,1
5506,761,1
5507,840,1
5508,865,1
5509,878,1
5510,860,1
5511,785,1
5512,814,1
5513,851,1
5514,847,1
5515,869,1
5516,874,1
5517,859,1
5518,886,1
5519,886,1
5520,879,1
5521,847,1
5522,857,1
5523,864,1
5524,813,1
5525,830,1
5526,855,1
5527,882,1
5528,739,1
5529,839,1
5530,869,1
5531,855,1
5532,860,1
5533,836,1
5534,853,1
5535,879,1
5536,792,1
5537,814,1
5538,835,1
5539,786,1
5540,867,1
5541,855,1
5542,834,1
5543,817,1
5544,838,1
5545,836,1
5546,788,1
5547,790,1
5548,781,1
5549,866,1
5550,820,1
5551,848,1
5552,836,1
5553,866,1
5554,907,1
5555,881,1
5556,868,1
5557,835,1
5558,837,1
5559,825,1
5560,841,1
5561,781,1
5562,875,1
5563,837,1
5564,884,1
5565,869,1
5566,777,1
5567,844,1
5568,833,1
5569,822,1
5570,855,1
5571,819,1
5572,854,1
5573,826,1
5574,860,1
5575,845,1
5576,853,1
5577,859,1
5578,843,1
5579,849,1
5580,847,1
5581,736,1
5582,850,1
5583,878,1
5584,848,1
5585,837,1
5586,736,1
5587,836,1
5588,792,1
5589,823,1
5590,872,1
5591,853,1
5592,869,1
5593,815,1
5594,855,1
5595,888,1
5596,753,1
5597,856,1
5598,838,1
5599,837,1
5600,805,1
5601,841,1
5602,855,1
5603,870,1
5604,806,1
5605,829,1
5606,797,1
5607,793,1
5608,849,1
5609,819,1
5610,840,1
5611,888,1
5612,861,1
5613,845,1
5614,849,1
5615,830,1
5616,816,1
5617,809,1
5618,819,1
5619,852,1
5620,864,1
5621,816,1
5622,872,1
5623,788,1
5624,875,1
5625,814,1
5626,800,1
5627,854,1
5628,876,1
5629,873,1
5630,734,1
5631,780,1
5632,873,1
5633,851,1
5634,837,1
5635,883,1
5636,844,1
5637,867,1
5638,792,1
5639,840,1
5640,854,1
5641,868,1
5642,848,1
5643,830,1
5644,900,1
5645,725,1
5646,836,1
5647,861,1
5648,882,1
5649,728,1
5650,827,1
5651,809,1
5652,773,1
5653,816,1
5654,834,1
5655,836,1
5656,834,1
5657,854,1
5658,864,1
5659,820,1
5660,844,1
5661,887,1
5662,690,1
5663,648,1
5664,840,1
5665,711,1
5666,806,1
5667,807,1
5668,719,1
5669,715,1
5670,786,1
5671,724,1
5672,764,1
5673,771,1
5674,811,1
5675,782,1
5676,736,1
5677,674,1
5678,611,1
5679,828,1
5680,782,1
5681,814,1
5682,644,1
5683,597,1
5684,776,1
5685,844,1
5686,805,1
5687,778,1
5688,813,1
5689,676,1
5690,669,1
5691,815,1
5692,766,1
5693,810,1
5694,689,1
5695,841,1
5696,706,1
5697,746,1
5698,686,1
5699,711,1
5700,770,1
5701,745,1
5702,693,1
5703,736,1
5704,578,1
5705,804,1
5706,804,1
5707,751,1
5708,806,1
5709,615,1
5710,703,1
5711,796,1
5712,709,1
5713,724,1
5714,722,1
5715,787,1
5716,696,1
5717,607,1
5718,598,1
5719,670,1
5720,731,1
5721,688,1
5722,811,1
5723,804,1
5724,756,1
5725,760,1
5726,814,1
5727,839,1
5728,739,1
5729,829,1
5730,717,1
5731,699,1
5732,887,1
5733,785,1
5734,813,1
5735,766,1
5736,706,1
5737,836,1
5738,764,1
5739,797,1
5740,675,1
5741,749,1
5742,786,1
5743,803,1
5744,803,1
5745,756,1
5746,723,1
5747,686,1
5748,670,1
5749,705,1
5750,846,1
5751,780,1
5752,787,1
5753,746,1
5754,570,1
5755,807,1
5756,792,1
5757,823,1
5758,825,1
5759,818,1
5760,781,1
5761,721,1
5762,782,1
5763,759,1
5764,744,1
5765,792,1
5766,740,1
5767,883,1
5768,814,1
5769,725,1
5770,663,1
5771,643,1
5772,737,1
5773,694,1
5774,748,1
5775,681,1
5776,724,1
5777,643,1
5778,789,1
5779,638,1
5780,698,1
5781,780,1
5782,672,1
5783,707,1
5784,777,1
5785,742,1
5786,812,1
5787,700,1
5788,714,1
5789,728,1
5790,732,1
5791,814,1
5792,564,1
5793,820,1
5794,789,1
5795,603,1
5796,592,1
5797,678,1
5798,695,1
5799,567,1
5800,690,1
5801,737,1
5802,715,1
5803,695,1
5804,574,1
5805,395,1
5806,649,1
5807,735,1
5808,689,1
5809,673,1
5810,680,1
5811,643,1
5812,718,1
5813,668,1
5814,707,1
5815,602,1
5816,664,1
5817,807,1
5818,669,1
5819,752,1
5820,641,1
5821,745,1
5822,658,1
5823,759,1
5824,488,1
5825,655,1
5826,517,1
5827,677,1
5828,688,1
5829,712,1
5830,720,1
5831,715,1
5832,698,1
5833,817,1
5834,775,1
5835,709,1
5836,568,1
5837,681,1
5838,703,1
5839,708,1
5840,790,1
5841,545,1
5842,657,1
5843,682,1
5844,761,1
5845,722,1
5846,827,1
5847,719,1
5848,671,1
5849,616,1
5850,585,1
5851,673,1
5852,750,1
5853,721,1
5854,616,1
5855,819,1
5856,772,1
5857,646,1
5858,768,1
5859,619,1
5860,680,1
5861,635,1
5862,735,1
5863,584,1
5864,723,1
5865,695,1
5866,762,1
5867,717,1
5868,658,1
5869,685,1
5870,507,1
5871,682,1
5872,693,1
5873,619,1
5874,757,1
5875,622,1
5876,760,1
5877,796,1
5878,796,1
5879,662,1
5880,727,1
5881,635,1
5882,567,1
5883,690,1
5884,659,1
5885,648,1
5886,672,1
5887,732,1
5888,663,1
5889,675,1
5890,686,1
5891,616,1
5892,676,1
5893,511,1
5894,636,1
5895,679,1
5896,566,1
5897,733,1
5898,659,1
5899,744,1
5900,583,1
5901,684,1
5902,674,1
5903,694,1
5904,734,1
5905,570,1
5906,570,1
5907,698,1
5908,702,1
5909,719,1
5910,576,1
5911,713,1
5912,745,1
5913,696,1
5914,750,1
5915,735,1
5916,630,1
5917,693,1
5918,802,1
5919,630,1
5920,677,1
5921,786,1
5922,614,1
5923,720,1
5924,743,1
5925,618,1
5926,688,1
5927,747,1
5928,673,1
5929,647,1
5930,564,1
5931,760,1
5932,681,1
5933,700,1
5934,715,1
5935,681,1
5936,718,1
5937,737,1
5938,725,1
5939,627,1
5940,714,1
5941,668,1
5942,726,1
5943,685,1
5944,544,1
5945,760,1
5946,749,1
5947,614,1
5948,669,1
5949,745,1
5950,751,1
5951,719,1
5952,732,1
5953,700,1
5954,663,1
5955,741,1
5956,618,1
5957,796,1
5958,724,1
5959,762,1
5960,680,1
5961,578,1
5962,703,1
5963,800,1
5964,736,1
5965,736,1
5966,666,1
5967,776,1
5968,659,1
5969,781,1
5970,594,1
5971,790,1
5972,804,1
5973,726,1
5974,770,1
5975,708,1
5976,673,1
5977,596,1
5978,799,1
5979,661,1
5980,794,1
5981,617,1
5982,738,1
5983,633,1
5984,752,1
5985,667,1
5986,824,1
5987,608,1
5988,717,1
5989,687,1
5990,753,1
5991,533,1
5992,773,1
5993,704,1
5994,753,1
5995,503,1
5996,725,1
5997,696,1
5998,668,1
5999,784,1
6000,729,1
6001,655,1
6002,660,1
6003,521,1
6004,736,1
6005,706,1
6006,499,1
6007,575,1
6008,656,1
6009,687,1
6010,797,1
6011,740,1
6012,721,1
6013,734,1
6014,573,1
6015,515,1
6016,759,1
6017,604,1
6018,614,1
6019,726,1
6020,797,1
6021,740,1
6022,733,1
6023,800,1
6024,727,1
6025,712,1
6026,729,1
6027,728,1
6028,751,1
6029,774,1
6030,657,1
6031,779,1
6032,704,1
6033,674,1
6034,704,1
6035,723,1
6036,709,1
6037,667,1
6038,720,1
6039,697,1
6040,741,1
6041,663,1
6042,613,1
6043,658,1
6044,756,1
6045,737,1
6046,794,1
6047,648,1
6048,622,1
6049,675,1
6050,600,1
6051,694,1
6052,699,1
6053,576,1
6054,754,1
6055,723,1
6056,719,1
6057,661,1
6058,748,1
6059,758,1
6060,716,1
6061,588,1
6062,838,1
6063,647,1
6064,662,1
6065,712,1
6066,607,1
6067,717,1
6068,728,1
6069,752,1
6070,682,1
6071,711,1
6072,688,1
6073,719,1
6074,767,1
6075,729,1
6076,606,1
6077,630,1
6078,684,1
6079,626,1
6080,659,1
6081,722,1
6082,495,1
6083,765,1
6084,555,1
6085,829,1
6086,754,1
6087,661,1
6088,691,1
6089,655,1
6090,569,1
6091,790,1
6092,779,1
6093,702,1
6094,627,1
6095,485,1
6096,652,1
6097,773,1
6098,740,1
6099,728,1
6100,582,1
6101,537,1
6102,742,1
6103,695,1
6104,761,1
6105,744,1
6106,668,1
6107,810,1
6108,706,1
6109,631,1
6110,636,1
6111,759,1
6112,698,1
6113,637,1
6114,678,1
6115,736,1
6116,678,1
6117,658,1
6118,709,1
6119,693,1
6120,770,1
6121,629,1
6122,773,1
6123,765,1
6124,703,1
6125,676,1
6126,579,1
6127,761,1
6128,710,1
6129,565,1
6130,654,1
6131,711,1
6132,774,1
6133,602,1
6134,722,1
6135,805,1
6136,746,1
6137,805,1
6138,771,1
6139,590,1
6140,724,1
6141,697,1
6142,755,1
6143,797,1
6144,814,1
6145,713,1
6146,748,1
6147,806,1
6148,655,1
6149,705,1
6150,779,1
6151,791,1
6152,732,1
6153,827,1
6154,735,1
6155,820,1
6156,748,1
6157,782,1
6158,779,1
6159,799,1
6160,728,1
6161,802,1
6162,765,1
6163,747,1
6164,698,1
6165,765,1
6166,785,1
6167,759,1
6168,787,1
6169,688,1
6170,681,1
6171,702,1
6172,603,1
